Language,Accuracy
English,1.0
Spanish,0.9803921568627451
Russian,0.9722222222222222
nan,0.0
German,0.9519230769230769
Portugeese,0.9866666666666667
Italian,1.0
Arabic,0.7692307692307692
Turkish,0.9574468085106383
Greek,0.125
Danish,0.8235294117647058
Dutch,1.0
