Language,Accuracy
English,1.0
Spanish,0.9803921568627451
Russian,1.0
nan,0.0
German,0.9519230769230769
Portugeese,0.9733333333333334
Italian,1.0
Arabic,0.8846153846153846
Turkish,0.9361702127659575
Greek,0.125
Danish,0.8235294117647058
Dutch,1.0
