Language,Accuracy
English,1.0
Spanish,0.9803921568627451
Russian,1.0
nan,0.0
German,0.9615384615384616
Portugeese,0.9866666666666667
Italian,1.0
Arabic,0.9038461538461539
Turkish,0.9361702127659575
Greek,0.10416666666666663
Danish,0.7941176470588236
Dutch,1.0
